{
    "mse": 0.46098362017452443,
    "mae": 0.5431107108735066,
    "r2": 0.2945991018115738
}